session_index,question,rank,score,level,number,doc_id,title
1,Как у нас проходит процедура закупки оборудования от начала до конца?,1,0.7809,1,2,b497403b-04e3-423e-bb5a-670c170f5a33,Примечания
1,Как у нас проходит процедура закупки оборудования от начала до конца?,2,0.7606,1,7,b497403b-04e3-423e-bb5a-670c170f5a33,"7 Порядок действий при внешних поставках для осуществления работ по договорам в офисе Института и внешних поставках, связанных с развитием инфраструктуры и материальных ресурсов Института"
1,Как у нас проходит процедура закупки оборудования от начала до конца?,3,0.751,1,8,b497403b-04e3-423e-bb5a-670c170f5a33,"8 Верификация поставленной продукции, работ (услуг)"
1,Как у нас проходит процедура закупки оборудования от начала до конца?,4,0.7483,1,6,b497403b-04e3-423e-bb5a-670c170f5a33,"6 Оценка, выбор и переоценка поставщиков."
1,Как у нас проходит процедура закупки оборудования от начала до конца?,5,0.7339,1,7,b497403b-04e3-423e-bb5a-670c170f5a33,Приложение Г
1,Как у нас проходит процедура закупки оборудования от начала до конца?,6,0.7335,1,2,b497403b-04e3-423e-bb5a-670c170f5a33,СОГЛАСОВАНО:
1,Как у нас проходит процедура закупки оборудования от начала до конца?,7,0.7312,1,Д,b497403b-04e3-423e-bb5a-670c170f5a33,Приложение Д
1,Как у нас проходит процедура закупки оборудования от начала до конца?,8,0.7272,1,1,b497403b-04e3-423e-bb5a-670c170f5a33,Приложение А
1,Как у нас проходит процедура закупки оборудования от начала до конца?,9,0.7269,1,1,b497403b-04e3-423e-bb5a-670c170f5a33,1 Назначение
1,Как у нас проходит процедура закупки оборудования от начала до конца?,10,0.7207,1,2,b497403b-04e3-423e-bb5a-670c170f5a33,2 Область применения
2,"""Можно ли закупить оборудование без процедуры оценки поставщика?",1,0.7939,1,6,b497403b-04e3-423e-bb5a-670c170f5a33,"6 Оценка, выбор и переоценка поставщиков."
2,"""Можно ли закупить оборудование без процедуры оценки поставщика?",2,0.7832,1,2,b497403b-04e3-423e-bb5a-670c170f5a33,Примечания
2,"""Можно ли закупить оборудование без процедуры оценки поставщика?",3,0.7754,1,8,b497403b-04e3-423e-bb5a-670c170f5a33,"8 Верификация поставленной продукции, работ (услуг)"
2,"""Можно ли закупить оборудование без процедуры оценки поставщика?",4,0.7667,1,7,b497403b-04e3-423e-bb5a-670c170f5a33,"7 Порядок действий при внешних поставках для осуществления работ по договорам в офисе Института и внешних поставках, связанных с развитием инфраструктуры и материальных ресурсов Института"
2,"""Можно ли закупить оборудование без процедуры оценки поставщика?",5,0.7572,1,2,b497403b-04e3-423e-bb5a-670c170f5a33,2 Область применения
3,Нужно ли ежегодно проводить переоценку поставщиков?,1,0.8195,1,6,b497403b-04e3-423e-bb5a-670c170f5a33,"6 Оценка, выбор и переоценка поставщиков."
3,Нужно ли ежегодно проводить переоценку поставщиков?,2,0.768,1,8,b497403b-04e3-423e-bb5a-670c170f5a33,"8 Верификация поставленной продукции, работ (услуг)"
3,Нужно ли ежегодно проводить переоценку поставщиков?,3,0.7614,1,7,b497403b-04e3-423e-bb5a-670c170f5a33,"7 Порядок действий при внешних поставках для осуществления работ по договорам в офисе Института и внешних поставках, связанных с развитием инфраструктуры и материальных ресурсов Института"
3,Нужно ли ежегодно проводить переоценку поставщиков?,4,0.751,1,5,b497403b-04e3-423e-bb5a-670c170f5a33,5 Основные положения
3,Нужно ли ежегодно проводить переоценку поставщиков?,5,0.7423,1,2,b497403b-04e3-423e-bb5a-670c170f5a33,2 Область применения
4,Надо ли каждый год переоценивать поставщиков?,1,0.8195,1,6,b497403b-04e3-423e-bb5a-670c170f5a33,"6 Оценка, выбор и переоценка поставщиков."
4,Надо ли каждый год переоценивать поставщиков?,2,0.768,1,8,b497403b-04e3-423e-bb5a-670c170f5a33,"8 Верификация поставленной продукции, работ (услуг)"
4,Надо ли каждый год переоценивать поставщиков?,3,0.7614,1,7,b497403b-04e3-423e-bb5a-670c170f5a33,"7 Порядок действий при внешних поставках для осуществления работ по договорам в офисе Института и внешних поставках, связанных с развитием инфраструктуры и материальных ресурсов Института"
4,Надо ли каждый год переоценивать поставщиков?,4,0.751,1,5,b497403b-04e3-423e-bb5a-670c170f5a33,5 Основные положения
4,Надо ли каждый год переоценивать поставщиков?,5,0.7423,1,2,b497403b-04e3-423e-bb5a-670c170f5a33,2 Область применения
5,Какие документы нужно получить от поставщика после поставки?,1,0.8091,1,8,b497403b-04e3-423e-bb5a-670c170f5a33,"8 Верификация поставленной продукции, работ (услуг)"
5,Какие документы нужно получить от поставщика после поставки?,2,0.8011,1,7,b497403b-04e3-423e-bb5a-670c170f5a33,"7 Порядок действий при внешних поставках для осуществления работ по договорам в офисе Института и внешних поставках, связанных с развитием инфраструктуры и материальных ресурсов Института"
5,Какие документы нужно получить от поставщика после поставки?,3,0.7914,1,2,b497403b-04e3-423e-bb5a-670c170f5a33,Примечания
5,Какие документы нужно получить от поставщика после поставки?,4,0.7895,1,2,b497403b-04e3-423e-bb5a-670c170f5a33,2 Область применения
5,Какие документы нужно получить от поставщика после поставки?,5,0.7863,1,2,b497403b-04e3-423e-bb5a-670c170f5a33,Приложение В
6,Перечисли документы которые нужно получить у поставщика,1,0.806,1,2,b497403b-04e3-423e-bb5a-670c170f5a33,Примечания
6,Перечисли документы которые нужно получить у поставщика,2,0.8007,1,2,b497403b-04e3-423e-bb5a-670c170f5a33,Приложение В
6,Перечисли документы которые нужно получить у поставщика,3,0.7989,1,8,b497403b-04e3-423e-bb5a-670c170f5a33,"8 Верификация поставленной продукции, работ (услуг)"
6,Перечисли документы которые нужно получить у поставщика,4,0.7941,1,7,b497403b-04e3-423e-bb5a-670c170f5a33,"7 Порядок действий при внешних поставках для осуществления работ по договорам в офисе Института и внешних поставках, связанных с развитием инфраструктуры и материальных ресурсов Института"
6,Перечисли документы которые нужно получить у поставщика,5,0.7937,1,1,b497403b-04e3-423e-bb5a-670c170f5a33,Приложение А
7,"Что делать, если поставщик привез продукцию ненадлежащего качества?",1,0.7936,1,8,b497403b-04e3-423e-bb5a-670c170f5a33,"8 Верификация поставленной продукции, работ (услуг)"
7,"Что делать, если поставщик привез продукцию ненадлежащего качества?",2,0.7591,1,6,b497403b-04e3-423e-bb5a-670c170f5a33,"6 Оценка, выбор и переоценка поставщиков."
7,"Что делать, если поставщик привез продукцию ненадлежащего качества?",3,0.7477,1,7,b497403b-04e3-423e-bb5a-670c170f5a33,"7 Порядок действий при внешних поставках для осуществления работ по договорам в офисе Института и внешних поставках, связанных с развитием инфраструктуры и материальных ресурсов Института"
7,"Что делать, если поставщик привез продукцию ненадлежащего качества?",4,0.7424,1,2,b497403b-04e3-423e-bb5a-670c170f5a33,Примечания
7,"Что делать, если поставщик привез продукцию ненадлежащего качества?",5,0.7418,1,2,b497403b-04e3-423e-bb5a-670c170f5a33,2 Область применения
7,"Что делать, если поставщик привез продукцию ненадлежащего качества?",6,0.7397,1,5,b497403b-04e3-423e-bb5a-670c170f5a33,5 Основные положения
7,"Что делать, если поставщик привез продукцию ненадлежащего качества?",7,0.738,1,3,b497403b-04e3-423e-bb5a-670c170f5a33,3 Нормативные ссылки
7,"Что делать, если поставщик привез продукцию ненадлежащего качества?",8,0.7339,1,1,b497403b-04e3-423e-bb5a-670c170f5a33,1 Назначение
7,"Что делать, если поставщик привез продукцию ненадлежащего качества?",9,0.7259,1,1,b497403b-04e3-423e-bb5a-670c170f5a33,Приложение А
7,"Что делать, если поставщик привез продукцию ненадлежащего качества?",10,0.7258,1,2,b497403b-04e3-423e-bb5a-670c170f5a33,Приложение В
8,Какой минимальный объем оперативной памяти должен быть у покупаемых компьютеров?,1,0.747,1,1,b497403b-04e3-423e-bb5a-670c170f5a33,Приложение А
8,Какой минимальный объем оперативной памяти должен быть у покупаемых компьютеров?,2,0.7264,1,7,b497403b-04e3-423e-bb5a-670c170f5a33,Приложение Г
8,Какой минимальный объем оперативной памяти должен быть у покупаемых компьютеров?,3,0.7224,1,2,b497403b-04e3-423e-bb5a-670c170f5a33,Приложение В
8,Какой минимальный объем оперативной памяти должен быть у покупаемых компьютеров?,4,0.7199,1,6,b497403b-04e3-423e-bb5a-670c170f5a33,"6 Оценка, выбор и переоценка поставщиков."
8,Какой минимальный объем оперативной памяти должен быть у покупаемых компьютеров?,5,0.7095,1,8,b497403b-04e3-423e-bb5a-670c170f5a33,"8 Верификация поставленной продукции, работ (услуг)"
9,Есть ли у нас регламент по обращению с отходами?,1,0.832,1,3,51f0707f-97b3-49db-a477-bbfb7bc32c51,3 Нормативные ссылки
9,Есть ли у нас регламент по обращению с отходами?,2,0.8302,1,8,51f0707f-97b3-49db-a477-bbfb7bc32c51,8 Требования к транспортированию отходов
9,Есть ли у нас регламент по обращению с отходами?,3,0.8299,1,7,51f0707f-97b3-49db-a477-bbfb7bc32c51,7 Порядок учета отходов
9,Есть ли у нас регламент по обращению с отходами?,4,0.8261,1,6,51f0707f-97b3-49db-a477-bbfb7bc32c51,6 Порядок накопления отходов
9,Есть ли у нас регламент по обращению с отходами?,5,0.8261,1,6,51f0707f-97b3-49db-a477-bbfb7bc32c51,6 Порядок накопления отходов
10,В чем разница между накоплением и хранением отходов?,1,0.8277,1,4,51f0707f-97b3-49db-a477-bbfb7bc32c51,"4 Термины, обозначения, сокращения"
10,В чем разница между накоплением и хранением отходов?,2,0.825,1,6,51f0707f-97b3-49db-a477-bbfb7bc32c51,6 Порядок накопления отходов
10,В чем разница между накоплением и хранением отходов?,3,0.825,1,6,51f0707f-97b3-49db-a477-bbfb7bc32c51,6 Порядок накопления отходов
10,В чем разница между накоплением и хранением отходов?,4,0.8061,1,10,51f0707f-97b3-49db-a477-bbfb7bc32c51,10 Безопасное обращение с отходами
10,В чем разница между накоплением и хранением отходов?,5,0.7992,1,7,51f0707f-97b3-49db-a477-bbfb7bc32c51,7 Порядок учета отходов
11,В чем разница между накоплением и хранением отходов?,1,0.8277,1,4,51f0707f-97b3-49db-a477-bbfb7bc32c51,"4 Термины, обозначения, сокращения"
11,В чем разница между накоплением и хранением отходов?,2,0.825,1,6,51f0707f-97b3-49db-a477-bbfb7bc32c51,6 Порядок накопления отходов
11,В чем разница между накоплением и хранением отходов?,3,0.825,1,6,51f0707f-97b3-49db-a477-bbfb7bc32c51,6 Порядок накопления отходов
11,В чем разница между накоплением и хранением отходов?,4,0.8061,1,10,51f0707f-97b3-49db-a477-bbfb7bc32c51,10 Безопасное обращение с отходами
11,В чем разница между накоплением и хранением отходов?,5,0.7992,1,7,51f0707f-97b3-49db-a477-bbfb7bc32c51,7 Порядок учета отходов
12,Какие есть классы опасности отходов?,1,0.8443,1,5,51f0707f-97b3-49db-a477-bbfb7bc32c51,5 Основные положения
12,Какие есть классы опасности отходов?,2,0.8341,1,9,51f0707f-97b3-49db-a477-bbfb7bc32c51,9 Требования к передаче отходов сторонним специализированным организациям
12,Какие есть классы опасности отходов?,3,0.8274,1,8,51f0707f-97b3-49db-a477-bbfb7bc32c51,8 Требования к транспортированию отходов
12,Какие есть классы опасности отходов?,4,0.7967,1,10,51f0707f-97b3-49db-a477-bbfb7bc32c51,10 Безопасное обращение с отходами
12,Какие есть классы опасности отходов?,5,0.7957,1,6,51f0707f-97b3-49db-a477-bbfb7bc32c51,6 Порядок накопления отходов
13,Сколько можно хранить отходы у себя на территории?,1,0.8129,1,6,51f0707f-97b3-49db-a477-bbfb7bc32c51,6 Порядок накопления отходов
13,Сколько можно хранить отходы у себя на территории?,2,0.8129,1,6,51f0707f-97b3-49db-a477-bbfb7bc32c51,6 Порядок накопления отходов
13,Сколько можно хранить отходы у себя на территории?,3,0.8035,1,7,51f0707f-97b3-49db-a477-bbfb7bc32c51,7 Порядок учета отходов
13,Сколько можно хранить отходы у себя на территории?,4,0.7987,1,10,51f0707f-97b3-49db-a477-bbfb7bc32c51,10 Безопасное обращение с отходами
13,Сколько можно хранить отходы у себя на территории?,5,0.7985,1,8,51f0707f-97b3-49db-a477-bbfb7bc32c51,8 Требования к транспортированию отходов
14,Есть ли ограничения по сроку хранения отходов I класса?,1,0.8133,1,8,51f0707f-97b3-49db-a477-bbfb7bc32c51,8 Требования к транспортированию отходов
14,Есть ли ограничения по сроку хранения отходов I класса?,2,0.8057,1,9,51f0707f-97b3-49db-a477-bbfb7bc32c51,9 Требования к передаче отходов сторонним специализированным организациям
14,Есть ли ограничения по сроку хранения отходов I класса?,3,0.8055,1,7,51f0707f-97b3-49db-a477-bbfb7bc32c51,7 Порядок учета отходов
14,Есть ли ограничения по сроку хранения отходов I класса?,4,0.8052,1,6,51f0707f-97b3-49db-a477-bbfb7bc32c51,6 Порядок накопления отходов
14,Есть ли ограничения по сроку хранения отходов I класса?,5,0.8052,1,6,51f0707f-97b3-49db-a477-bbfb7bc32c51,6 Порядок накопления отходов
15,Есть ли ограничения по сроку хранения отходов?,1,0.8215,1,8,51f0707f-97b3-49db-a477-bbfb7bc32c51,8 Требования к транспортированию отходов
15,Есть ли ограничения по сроку хранения отходов?,2,0.8166,1,6,51f0707f-97b3-49db-a477-bbfb7bc32c51,6 Порядок накопления отходов
15,Есть ли ограничения по сроку хранения отходов?,3,0.8166,1,6,51f0707f-97b3-49db-a477-bbfb7bc32c51,6 Порядок накопления отходов
15,Есть ли ограничения по сроку хранения отходов?,4,0.8147,1,10,51f0707f-97b3-49db-a477-bbfb7bc32c51,10 Безопасное обращение с отходами
15,Есть ли ограничения по сроку хранения отходов?,5,0.8142,1,4,51f0707f-97b3-49db-a477-bbfb7bc32c51,"4 Термины, обозначения, сокращения"
16,Кто такой федеральный оператор в контексте отходов?,1,0.7991,1,9,51f0707f-97b3-49db-a477-bbfb7bc32c51,9 Требования к передаче отходов сторонним специализированным организациям
16,Кто такой федеральный оператор в контексте отходов?,2,0.782,1,8,51f0707f-97b3-49db-a477-bbfb7bc32c51,8 Требования к транспортированию отходов
16,Кто такой федеральный оператор в контексте отходов?,3,0.7595,1,7,51f0707f-97b3-49db-a477-bbfb7bc32c51,7 Порядок учета отходов
16,Кто такой федеральный оператор в контексте отходов?,4,0.759,1,4,51f0707f-97b3-49db-a477-bbfb7bc32c51,"4 Термины, обозначения, сокращения"
16,Кто такой федеральный оператор в контексте отходов?,5,0.7477,1,11,51f0707f-97b3-49db-a477-bbfb7bc32c51,11 Контроль
17,Кто отвечает за ведение учета отходов?,1,0.837,1,7,51f0707f-97b3-49db-a477-bbfb7bc32c51,7 Порядок учета отходов
17,Кто отвечает за ведение учета отходов?,2,0.8275,1,12,51f0707f-97b3-49db-a477-bbfb7bc32c51,12 Ответственность
17,Кто отвечает за ведение учета отходов?,3,0.8274,1,11,51f0707f-97b3-49db-a477-bbfb7bc32c51,11 Контроль
17,Кто отвечает за ведение учета отходов?,4,0.8095,1,10,51f0707f-97b3-49db-a477-bbfb7bc32c51,10 Безопасное обращение с отходами
17,Кто отвечает за ведение учета отходов?,5,0.8067,1,6,51f0707f-97b3-49db-a477-bbfb7bc32c51,6 Порядок накопления отходов
18,Что делать после того как нашли новый тендер?,1,0.7682,1,5,a32fd8d9-8b27-4b58-924e-d65f28b9450a,5 Ответственность.
18,Что делать после того как нашли новый тендер?,2,0.745,1,1,a32fd8d9-8b27-4b58-924e-d65f28b9450a,1 Назначение.
18,Что делать после того как нашли новый тендер?,3,0.7328,1,4,a32fd8d9-8b27-4b58-924e-d65f28b9450a,4 Нормативные ссылки
18,Что делать после того как нашли новый тендер?,4,0.7128,1,2,a32fd8d9-8b27-4b58-924e-d65f28b9450a,2 Область применения
18,Что делать после того как нашли новый тендер?,5,0.7105,1,4,a32fd8d9-8b27-4b58-924e-d65f28b9450a,"Приложение 4 Образец оформления документа, содержащего более одной страницы."
18,Что делать после того как нашли новый тендер?,6,0.7041,1,6,a32fd8d9-8b27-4b58-924e-d65f28b9450a,6 Основные этапы подготовки ТП.
18,Что делать после того как нашли новый тендер?,7,0.6987,1,3,a32fd8d9-8b27-4b58-924e-d65f28b9450a,"Приложение 3 Образец документа, заверенного генеральным директором."
18,Что делать после того как нашли новый тендер?,8,0.694,1,2,a32fd8d9-8b27-4b58-924e-d65f28b9450a,ИНСТРУКЦИЯ По подготовке тендерного предложения «ИН-01-ПТП»
18,Что делать после того как нашли новый тендер?,9,0.6874,1,2,a32fd8d9-8b27-4b58-924e-d65f28b9450a,Приложение 2 Исходные данные для составления смет.
18,Что делать после того как нашли новый тендер?,10,0.682,1,1,a32fd8d9-8b27-4b58-924e-d65f28b9450a,Приложение 1 Перечень документированной информации
20,Что включается в бюджет командировки?,1,0.8916,1,5,6d3fc189-3fa6-4183-8d1e-0f02c42b7e28,5 Бюджет командировки
20,Что включается в бюджет командировки?,2,0.8083,1,9,6d3fc189-3fa6-4183-8d1e-0f02c42b7e28,9 Окончание работ. Отчет о командировке
20,Что включается в бюджет командировки?,3,0.8052,1,6,6d3fc189-3fa6-4183-8d1e-0f02c42b7e28,6 Организация командировки
20,Что включается в бюджет командировки?,4,0.7946,1,1,6d3fc189-3fa6-4183-8d1e-0f02c42b7e28,Приложение А
20,Что включается в бюджет командировки?,5,0.7899,1,2,6d3fc189-3fa6-4183-8d1e-0f02c42b7e28,2 Нормативные ссылки
21,Каким видом транспорта можно ездить в командировки?,1,0.8031,1,3,6d3fc189-3fa6-4183-8d1e-0f02c42b7e28,3 Термины и определения
21,Каким видом транспорта можно ездить в командировки?,2,0.8004,1,7,6d3fc189-3fa6-4183-8d1e-0f02c42b7e28,7 Организация работы командированного сотрудника
21,Каким видом транспорта можно ездить в командировки?,3,0.7955,1,6,6d3fc189-3fa6-4183-8d1e-0f02c42b7e28,6 Организация командировки
21,Каким видом транспорта можно ездить в командировки?,4,0.7951,1,8,6d3fc189-3fa6-4183-8d1e-0f02c42b7e28,8 Срок и режим командировки
21,Каким видом транспорта можно ездить в командировки?,5,0.791,1,4,6d3fc189-3fa6-4183-8d1e-0f02c42b7e28,4 Командировки
22,Какого класса билет на самолет можно купить при командировке?,1,0.7842,1,6,6d3fc189-3fa6-4183-8d1e-0f02c42b7e28,6 Организация командировки
22,Какого класса билет на самолет можно купить при командировке?,2,0.7765,1,1,6d3fc189-3fa6-4183-8d1e-0f02c42b7e28,Приложение А
22,Какого класса билет на самолет можно купить при командировке?,3,0.7649,1,7,6d3fc189-3fa6-4183-8d1e-0f02c42b7e28,Приложение Г
22,Какого класса билет на самолет можно купить при командировке?,4,0.7635,1,5,6d3fc189-3fa6-4183-8d1e-0f02c42b7e28,5 Бюджет командировки
22,Какого класса билет на самолет можно купить при командировке?,5,0.7581,1,9,6d3fc189-3fa6-4183-8d1e-0f02c42b7e28,9 Окончание работ. Отчет о командировке
23,Какого класса поездка может быть на самолете?,1,0.7387,1,3,6d3fc189-3fa6-4183-8d1e-0f02c42b7e28,3 Термины и определения
23,Какого класса поездка может быть на самолете?,2,0.7302,1,1,6d3fc189-3fa6-4183-8d1e-0f02c42b7e28,Приложение А
23,Какого класса поездка может быть на самолете?,3,0.7291,1,5,6d3fc189-3fa6-4183-8d1e-0f02c42b7e28,5 Бюджет командировки
23,Какого класса поездка может быть на самолете?,4,0.7275,1,7,6d3fc189-3fa6-4183-8d1e-0f02c42b7e28,Приложение Г
23,Какого класса поездка может быть на самолете?,5,0.7228,1,6,6d3fc189-3fa6-4183-8d1e-0f02c42b7e28,6 Организация командировки
25,Какие задачи у отдела геологии?,1,0.8585,1,3,a109cc23-575d-4d18-9dfa-56a6e79da6c7,3 Задачи
25,Какие задачи у отдела геологии?,2,0.783,1,4,a109cc23-575d-4d18-9dfa-56a6e79da6c7,4 Функции
25,Какие задачи у отдела геологии?,3,0.7405,1,5,a109cc23-575d-4d18-9dfa-56a6e79da6c7,Отдел имеет право:
25,Какие задачи у отдела геологии?,4,0.724,1,2,a109cc23-575d-4d18-9dfa-56a6e79da6c7,Приложение 2. Перечень внутренней документации
25,Какие задачи у отдела геологии?,5,0.7207,1,7,a109cc23-575d-4d18-9dfa-56a6e79da6c7,7 Организация и стадии выполнения проектных работ
25,Какие задачи у отдела геологии?,6,0.7151,1,4,a109cc23-575d-4d18-9dfa-56a6e79da6c7,Приложение 4. Перечень рабочих инструкций
25,Какие задачи у отдела геологии?,7,0.7149,1,5,a109cc23-575d-4d18-9dfa-56a6e79da6c7,Приложение 5. Перечень программного обеспечения отдела
25,Какие задачи у отдела геологии?,8,0.7144,1,3,a109cc23-575d-4d18-9dfa-56a6e79da6c7,Приложение 3. Перечень регламентированных бизнес-процессов
25,Какие задачи у отдела геологии?,9,0.7129,1,8,a109cc23-575d-4d18-9dfa-56a6e79da6c7,8 Список приложений
25,Какие задачи у отдела геологии?,10,0.71,1,1,a109cc23-575d-4d18-9dfa-56a6e79da6c7,СОГЛАСОВАНО:
26,Что такое риск?,1,0.8381,1,4,fb9210b5-8dd4-4acb-9f67-4528cef13ff1,"4 Термины, обозначения, сокращения"
26,Что такое риск?,2,0.7754,1,7,fb9210b5-8dd4-4acb-9f67-4528cef13ff1,7 Реестр рисков
26,Что такое риск?,3,0.7754,1,7,fb9210b5-8dd4-4acb-9f67-4528cef13ff1,7 Реестр рисков
26,Что такое риск?,4,0.7754,1,7,fb9210b5-8dd4-4acb-9f67-4528cef13ff1,7 Реестр рисков
26,Что такое риск?,5,0.7725,1,7,fb9210b5-8dd4-4acb-9f67-4528cef13ff1,7 Реестр рисков
27,Какие бывают виды рисков,1,0.8017,1,4,fb9210b5-8dd4-4acb-9f67-4528cef13ff1,"4 Термины, обозначения, сокращения"
27,Какие бывают виды рисков,2,0.8,1,7,fb9210b5-8dd4-4acb-9f67-4528cef13ff1,7 Реестр рисков
27,Какие бывают виды рисков,3,0.7886,1,7,fb9210b5-8dd4-4acb-9f67-4528cef13ff1,7 Реестр рисков
27,Какие бывают виды рисков,4,0.7886,1,7,fb9210b5-8dd4-4acb-9f67-4528cef13ff1,7 Реестр рисков
27,Какие бывают виды рисков,5,0.7886,1,7,fb9210b5-8dd4-4acb-9f67-4528cef13ff1,7 Реестр рисков
27,Какие бывают виды рисков,6,0.7728,1,1,fb9210b5-8dd4-4acb-9f67-4528cef13ff1,1 Назначение
27,Какие бывают виды рисков,7,0.7714,1,6,fb9210b5-8dd4-4acb-9f67-4528cef13ff1,6 Идентификация и оценка рисков
27,Какие бывают виды рисков,8,0.7687,1,2,fb9210b5-8dd4-4acb-9f67-4528cef13ff1,Приложение В
27,Какие бывают виды рисков,9,0.7668,1,2,fb9210b5-8dd4-4acb-9f67-4528cef13ff1,Приложение Б
27,Какие бывают виды рисков,10,0.7649,1,5,fb9210b5-8dd4-4acb-9f67-4528cef13ff1,5 Основные положения
28,Что такое финансовые риски?,1,0.812,1,7,fb9210b5-8dd4-4acb-9f67-4528cef13ff1,7 Реестр рисков
28,Что такое финансовые риски?,2,0.7998,1,4,fb9210b5-8dd4-4acb-9f67-4528cef13ff1,"4 Термины, обозначения, сокращения"
28,Что такое финансовые риски?,3,0.7571,1,1,fb9210b5-8dd4-4acb-9f67-4528cef13ff1,1 Назначение
28,Что такое финансовые риски?,4,0.7547,1,7,fb9210b5-8dd4-4acb-9f67-4528cef13ff1,7 Реестр рисков
28,Что такое финансовые риски?,5,0.7547,1,7,fb9210b5-8dd4-4acb-9f67-4528cef13ff1,7 Реестр рисков
29,Что такое коммерческая тайна?,1,0.8907,1,6,3d52d932-3a30-4403-bfb1-7d1575434c06,6 Понятие коммерческой тайны
29,Что такое коммерческая тайна?,2,0.8351,1,8,3d52d932-3a30-4403-bfb1-7d1575434c06,"8 Сведения, составляющие коммерческую тайну"
29,Что такое коммерческая тайна?,3,0.82,1,7,3d52d932-3a30-4403-bfb1-7d1575434c06,7 Порядок отнесения сведений к коммерческой тайне
29,Что такое коммерческая тайна?,4,0.8117,1,10,3d52d932-3a30-4403-bfb1-7d1575434c06,10 Порядок допуска к коммерческой тайне
29,Что такое коммерческая тайна?,5,0.7932,1,12,3d52d932-3a30-4403-bfb1-7d1575434c06,12 Ответственность за разглашение коммерческой тайны
30,Какие сведения относятся к коммерческой тайне?,1,0.8831,1,8,3d52d932-3a30-4403-bfb1-7d1575434c06,"8 Сведения, составляющие коммерческую тайну"
30,Какие сведения относятся к коммерческой тайне?,2,0.8792,1,6,3d52d932-3a30-4403-bfb1-7d1575434c06,6 Понятие коммерческой тайны
30,Какие сведения относятся к коммерческой тайне?,3,0.8576,1,7,3d52d932-3a30-4403-bfb1-7d1575434c06,7 Порядок отнесения сведений к коммерческой тайне
30,Какие сведения относятся к коммерческой тайне?,4,0.8278,1,10,3d52d932-3a30-4403-bfb1-7d1575434c06,10 Порядок допуска к коммерческой тайне
30,Какие сведения относятся к коммерческой тайне?,5,0.825,1,2,3d52d932-3a30-4403-bfb1-7d1575434c06,Приложение В
31,Что будет если превысить лимиты корпоративной мобильной связи?,1,0.8278,1,6,b9d7b363-4f52-4b7e-a1e8-4b0f7b509793,6 Нормы и порядок возмещения перерасхода лимита корпоративной мобильной связи
31,Что будет если превысить лимиты корпоративной мобильной связи?,2,0.8089,1,Д,b9d7b363-4f52-4b7e-a1e8-4b0f7b509793,Приложение Д
31,Что будет если превысить лимиты корпоративной мобильной связи?,3,0.8076,1,5,b9d7b363-4f52-4b7e-a1e8-4b0f7b509793,5 Правила пользования корпоративной мобильной связью
31,Что будет если превысить лимиты корпоративной мобильной связи?,4,0.807,1,Е,b9d7b363-4f52-4b7e-a1e8-4b0f7b509793,Приложение Е
31,Что будет если превысить лимиты корпоративной мобильной связи?,5,0.7934,1,7,b9d7b363-4f52-4b7e-a1e8-4b0f7b509793,"7 Материальная ответственность работника, использующего корпоративную SIM-карту и корпоративный мобильный аппарат"
32,Что будет если превысить лимиты корпоративной мобильной связи?,1,0.8726,1,4,b9d7b363-4f52-4b7e-a1e8-4b0f7b509793,4 Порядок предоставления корпоративной мобильной связи
32,Что будет если превысить лимиты корпоративной мобильной связи?,2,0.8278,1,6,b9d7b363-4f52-4b7e-a1e8-4b0f7b509793,6 Нормы и порядок возмещения перерасхода лимита корпоративной мобильной связи
32,Что будет если превысить лимиты корпоративной мобильной связи?,3,0.8258,1,2,b9d7b363-4f52-4b7e-a1e8-4b0f7b509793,ПОЛОЖЕНИЕ О корпоративной мобильной связи в АО «ВолгоградНИПИнефть» «ПЛ-13-КМС»
32,Что будет если превысить лимиты корпоративной мобильной связи?,4,0.819,1,5,b9d7b363-4f52-4b7e-a1e8-4b0f7b509793,5 Правила пользования корпоративной мобильной связью
32,Что будет если превысить лимиты корпоративной мобильной связи?,5,0.8097,1,Д,b9d7b363-4f52-4b7e-a1e8-4b0f7b509793,Приложение Д
33,Что входит в персональные данные сотрудников?,1,0.8817,1,2,6cc0605c-2dc9-4cd7-8cd9-c8e4031560ee,2 Понятие и состав персональных данных
33,Что входит в персональные данные сотрудников?,2,0.8212,1,5,6cc0605c-2dc9-4cd7-8cd9-c8e4031560ee,5 Защита персональных данных
33,Что входит в персональные данные сотрудников?,3,0.8208,1,1,6cc0605c-2dc9-4cd7-8cd9-c8e4031560ee,1 Общие положения
33,Что входит в персональные данные сотрудников?,4,0.8183,1,5,6cc0605c-2dc9-4cd7-8cd9-c8e4031560ee,5 Защита персональных данных
33,Что входит в персональные данные сотрудников?,5,0.8164,1,4,6cc0605c-2dc9-4cd7-8cd9-c8e4031560ee,4 Доступ к персональным данным
34,Какие данные являются персональными?,1,0.8577,1,2,6cc0605c-2dc9-4cd7-8cd9-c8e4031560ee,2 Понятие и состав персональных данных
34,Какие данные являются персональными?,2,0.8097,1,5,6cc0605c-2dc9-4cd7-8cd9-c8e4031560ee,5 Защита персональных данных
34,Какие данные являются персональными?,3,0.8048,1,7,6cc0605c-2dc9-4cd7-8cd9-c8e4031560ee,"7 Ответственность за разглашение конфиденциальной информации, связанной с персональными данными"
34,Какие данные являются персональными?,4,0.8031,1,3,6cc0605c-2dc9-4cd7-8cd9-c8e4031560ee,3 Обработка персональных данных
34,Какие данные являются персональными?,5,0.796,1,5,6cc0605c-2dc9-4cd7-8cd9-c8e4031560ee,5 Защита персональных данных
35,Какие задачи у финансового отдела?,1,0.8585,1,3,500e2f88-2aee-47cd-af1f-374bfb07d0c1,3 Задачи
35,Какие задачи у финансового отдела?,2,0.783,1,4,500e2f88-2aee-47cd-af1f-374bfb07d0c1,4 Функции
35,Какие задачи у финансового отдела?,3,0.783,1,4,500e2f88-2aee-47cd-af1f-374bfb07d0c1,4 Функции
35,Какие задачи у финансового отдела?,4,0.7296,1,2,500e2f88-2aee-47cd-af1f-374bfb07d0c1,Приложение 2. Перечень внутренней документации ИСМ отдела
35,Какие задачи у финансового отдела?,5,0.7281,1,2,500e2f88-2aee-47cd-af1f-374bfb07d0c1,2 Структура
35,Какие задачи у финансового отдела?,6,0.7222,1,1,500e2f88-2aee-47cd-af1f-374bfb07d0c1,Приложение 1. Структура отдела
35,Какие задачи у финансового отдела?,7,0.7172,1,4,500e2f88-2aee-47cd-af1f-374bfb07d0c1,Приложение 4. График документооборота АО «ВолгоградНИПИнефть»
35,Какие задачи у финансового отдела?,8,0.7172,1,3,500e2f88-2aee-47cd-af1f-374bfb07d0c1,Приложение 3. Перечень программного обеспечения отдела
35,Какие задачи у финансового отдела?,9,0.71,1,1,500e2f88-2aee-47cd-af1f-374bfb07d0c1,СОГЛАСОВАНО:
35,Какие задачи у финансового отдела?,10,0.7061,1,1,500e2f88-2aee-47cd-af1f-374bfb07d0c1,1 Общие положения
36,Куда нужно класть файлы при регистрации архивов?,1,0.7622,1,2,689ad134-88eb-469c-88cd-35e254e680a3,Лист регистрации изменений
36,Куда нужно класть файлы при регистрации архивов?,2,0.7581,1,3,689ad134-88eb-469c-88cd-35e254e680a3,F:\\\\ !Шаблоны документов\\\\Бланки регистрации
36,Куда нужно класть файлы при регистрации архивов?,4,0.745,1,2,689ad134-88eb-469c-88cd-35e254e680a3,ИНСТРУКЦИЯ Регистрация и архивирование источников информации «ИН-15-РегАрх»
36,Куда нужно класть файлы при регистрации архивов?,5,0.745,1,2,689ad134-88eb-469c-88cd-35e254e680a3,"Порядок приемки, регистрации и архивирования источников информации."
36,Куда нужно класть файлы при регистрации архивов?,6,0.722,1,1,689ad134-88eb-469c-88cd-35e254e680a3,Общие положения
36,Куда нужно класть файлы при регистрации архивов?,7,0.699,1,2,689ad134-88eb-469c-88cd-35e254e680a3,Определения и сокращения
37,Какая структура у каталогов диска P?,1,0.7872,1,2,1381f436-b246-4235-8ac2-f9c7ad474dc8,2 Основная часть
37,Какая структура у каталогов диска P?,2,0.7431,1,4,1381f436-b246-4235-8ac2-f9c7ad474dc8,4 Права доступа к каталогам
37,Какая структура у каталогов диска P?,3,0.7321,1,1,1381f436-b246-4235-8ac2-f9c7ad474dc8,1 Назначение
37,Какая структура у каталогов диска P?,4,0.7307,1,2,1381f436-b246-4235-8ac2-f9c7ad474dc8,РАБОЧАЯ ИНСТРУКЦИЯ Структура каталогов «РИ-10-СтруктКат»
37,Какая структура у каталогов диска P?,5,0.7261,1,3,1381f436-b246-4235-8ac2-f9c7ad474dc8,3 Правила работы с каталогами текущих проектов:
38,Что такое реестр экологических аспектов?,1,0.8897,1,2,b8b54622-18ad-4302-bea0-e53f1fc46da4,Сводный реестр экологических аспектов
38,Что такое реестр экологических аспектов?,2,0.8674,1,2,b8b54622-18ad-4302-bea0-e53f1fc46da4,Итоговый реестр существенных экологических аспектов
38,Что такое реестр экологических аспектов?,3,0.8565,1,7,b8b54622-18ad-4302-bea0-e53f1fc46da4,7 Последовательность формирования реестров экологических аспектов
38,Что такое реестр экологических аспектов?,4,0.8118,1,4,b8b54622-18ad-4302-bea0-e53f1fc46da4,4 Термины и сокращения
38,Что такое реестр экологических аспектов?,5,0.7905,1,6,b8b54622-18ad-4302-bea0-e53f1fc46da4,6 Определение существенного воздействия экологических аспектов на ОС
39,Кому подчиняется полевая партия?,1,0.8406,1,2,82e7835d-d852-4441-819d-51e10c2ec9f2,2 Структура
39,Кому подчиняется полевая партия?,2,0.8303,1,1,82e7835d-d852-4441-819d-51e10c2ec9f2,1 Общие положения
39,Кому подчиняется полевая партия?,3,0.8007,1,6,82e7835d-d852-4441-819d-51e10c2ec9f2,6 Ответственность
39,Кому подчиняется полевая партия?,4,0.7947,1,5,82e7835d-d852-4441-819d-51e10c2ec9f2,5 Права
39,Кому подчиняется полевая партия?,5,0.7702,1,1,82e7835d-d852-4441-819d-51e10c2ec9f2,Приложение 1 Перечень должностных инструкций полевой партии
42,Что будет если превысить лимиты корпоративной мобильной связи?,1,0.8726,1,4,b9d7b363-4f52-4b7e-a1e8-4b0f7b509793,4 Порядок предоставления корпоративной мобильной связи
42,Что будет если превысить лимиты корпоративной мобильной связи?,2,0.8278,1,6,b9d7b363-4f52-4b7e-a1e8-4b0f7b509793,6 Нормы и порядок возмещения перерасхода лимита корпоративной мобильной связи
42,Что будет если превысить лимиты корпоративной мобильной связи?,3,0.8258,1,2,b9d7b363-4f52-4b7e-a1e8-4b0f7b509793,ПОЛОЖЕНИЕ О корпоративной мобильной связи в АО «ВолгоградНИПИнефть» «ПЛ-13-КМС»
42,Что будет если превысить лимиты корпоративной мобильной связи?,4,0.819,1,5,b9d7b363-4f52-4b7e-a1e8-4b0f7b509793,5 Правила пользования корпоративной мобильной связью
42,Что будет если превысить лимиты корпоративной мобильной связи?,5,0.8097,1,Д,b9d7b363-4f52-4b7e-a1e8-4b0f7b509793,Приложение Д
43,Что входит в персональные данные сотрудников?,1,0.8817,1,2,6cc0605c-2dc9-4cd7-8cd9-c8e4031560ee,2 Понятие и состав персональных данных
43,Что входит в персональные данные сотрудников?,2,0.8212,1,5,6cc0605c-2dc9-4cd7-8cd9-c8e4031560ee,5 Защита персональных данных
43,Что входит в персональные данные сотрудников?,3,0.8208,1,1,6cc0605c-2dc9-4cd7-8cd9-c8e4031560ee,1 Общие положения
43,Что входит в персональные данные сотрудников?,4,0.8183,1,5,6cc0605c-2dc9-4cd7-8cd9-c8e4031560ee,5 Защита персональных данных
43,Что входит в персональные данные сотрудников?,5,0.8164,1,4,6cc0605c-2dc9-4cd7-8cd9-c8e4031560ee,4 Доступ к персональным данным
44,Какие данные являются персональными?,1,0.8577,1,2,6cc0605c-2dc9-4cd7-8cd9-c8e4031560ee,2 Понятие и состав персональных данных
44,Какие данные являются персональными?,2,0.8097,1,5,6cc0605c-2dc9-4cd7-8cd9-c8e4031560ee,5 Защита персональных данных
44,Какие данные являются персональными?,3,0.8048,1,7,6cc0605c-2dc9-4cd7-8cd9-c8e4031560ee,"7 Ответственность за разглашение конфиденциальной информации, связанной с персональными данными"
44,Какие данные являются персональными?,4,0.8031,1,3,6cc0605c-2dc9-4cd7-8cd9-c8e4031560ee,3 Обработка персональных данных
44,Какие данные являются персональными?,5,0.796,1,5,6cc0605c-2dc9-4cd7-8cd9-c8e4031560ee,5 Защита персональных данных
45,Какие задачи у финансового отдела?,1,0.8585,1,3,500e2f88-2aee-47cd-af1f-374bfb07d0c1,3 Задачи
45,Какие задачи у финансового отдела?,2,0.783,1,4,500e2f88-2aee-47cd-af1f-374bfb07d0c1,4 Функции
45,Какие задачи у финансового отдела?,3,0.783,1,4,500e2f88-2aee-47cd-af1f-374bfb07d0c1,4 Функции
45,Какие задачи у финансового отдела?,4,0.7296,1,2,500e2f88-2aee-47cd-af1f-374bfb07d0c1,Приложение 2. Перечень внутренней документации ИСМ отдела
45,Какие задачи у финансового отдела?,5,0.7281,1,2,500e2f88-2aee-47cd-af1f-374bfb07d0c1,2 Структура
45,Какие задачи у финансового отдела?,6,0.7222,1,1,500e2f88-2aee-47cd-af1f-374bfb07d0c1,Приложение 1. Структура отдела
45,Какие задачи у финансового отдела?,7,0.7172,1,4,500e2f88-2aee-47cd-af1f-374bfb07d0c1,Приложение 4. График документооборота АО «ВолгоградНИПИнефть»
45,Какие задачи у финансового отдела?,8,0.7172,1,3,500e2f88-2aee-47cd-af1f-374bfb07d0c1,Приложение 3. Перечень программного обеспечения отдела
45,Какие задачи у финансового отдела?,9,0.71,1,1,500e2f88-2aee-47cd-af1f-374bfb07d0c1,СОГЛАСОВАНО:
45,Какие задачи у финансового отдела?,10,0.7061,1,1,500e2f88-2aee-47cd-af1f-374bfb07d0c1,1 Общие положения
46,Куда нужно класть файлы при регистрации архивов?,1,0.7622,1,2,689ad134-88eb-469c-88cd-35e254e680a3,Лист регистрации изменений
46,Куда нужно класть файлы при регистрации архивов?,2,0.7581,1,3,689ad134-88eb-469c-88cd-35e254e680a3,F:\\\\ !Шаблоны документов\\\\Бланки регистрации
46,Куда нужно класть файлы при регистрации архивов?,4,0.745,1,2,689ad134-88eb-469c-88cd-35e254e680a3,ИНСТРУКЦИЯ Регистрация и архивирование источников информации «ИН-15-РегАрх»
46,Куда нужно класть файлы при регистрации архивов?,5,0.745,1,2,689ad134-88eb-469c-88cd-35e254e680a3,"Порядок приемки, регистрации и архивирования источников информации."
46,Куда нужно класть файлы при регистрации архивов?,6,0.722,1,1,689ad134-88eb-469c-88cd-35e254e680a3,Общие положения
46,Куда нужно класть файлы при регистрации архивов?,7,0.699,1,2,689ad134-88eb-469c-88cd-35e254e680a3,Определения и сокращения
47,Какая структура у каталогов диска P?,1,0.7872,1,2,1381f436-b246-4235-8ac2-f9c7ad474dc8,2 Основная часть
47,Какая структура у каталогов диска P?,2,0.7431,1,4,1381f436-b246-4235-8ac2-f9c7ad474dc8,4 Права доступа к каталогам
47,Какая структура у каталогов диска P?,3,0.7321,1,1,1381f436-b246-4235-8ac2-f9c7ad474dc8,1 Назначение
47,Какая структура у каталогов диска P?,4,0.7307,1,2,1381f436-b246-4235-8ac2-f9c7ad474dc8,РАБОЧАЯ ИНСТРУКЦИЯ Структура каталогов «РИ-10-СтруктКат»
47,Какая структура у каталогов диска P?,5,0.7261,1,3,1381f436-b246-4235-8ac2-f9c7ad474dc8,3 Правила работы с каталогами текущих проектов:
48,Что такое реестр экологических аспектов?,1,0.8897,1,2,b8b54622-18ad-4302-bea0-e53f1fc46da4,Сводный реестр экологических аспектов
48,Что такое реестр экологических аспектов?,2,0.8674,1,2,b8b54622-18ad-4302-bea0-e53f1fc46da4,Итоговый реестр существенных экологических аспектов
48,Что такое реестр экологических аспектов?,3,0.8565,1,7,b8b54622-18ad-4302-bea0-e53f1fc46da4,7 Последовательность формирования реестров экологических аспектов
48,Что такое реестр экологических аспектов?,4,0.8118,1,4,b8b54622-18ad-4302-bea0-e53f1fc46da4,4 Термины и сокращения
48,Что такое реестр экологических аспектов?,5,0.7905,1,6,b8b54622-18ad-4302-bea0-e53f1fc46da4,6 Определение существенного воздействия экологических аспектов на ОС
49,Кому подчиняется полевая партия?,1,0.8406,1,2,82e7835d-d852-4441-819d-51e10c2ec9f2,2 Структура
49,Кому подчиняется полевая партия?,2,0.8303,1,1,82e7835d-d852-4441-819d-51e10c2ec9f2,1 Общие положения
49,Кому подчиняется полевая партия?,3,0.8007,1,6,82e7835d-d852-4441-819d-51e10c2ec9f2,6 Ответственность
49,Кому подчиняется полевая партия?,4,0.7947,1,5,82e7835d-d852-4441-819d-51e10c2ec9f2,5 Права
49,Кому подчиняется полевая партия?,5,0.7702,1,1,82e7835d-d852-4441-819d-51e10c2ec9f2,Приложение 1 Перечень должностных инструкций полевой партии
52,Есть ли у нас документ про управление рисками?,1,0.8213,1,1,fb9210b5-8dd4-4acb-9f67-4528cef13ff1,Приложение А
52,Есть ли у нас документ про управление рисками?,2,0.8211,1,2,fb9210b5-8dd4-4acb-9f67-4528cef13ff1,ИНСТРУКЦИЯ Управление рисками «ИН-01-УР»
52,Есть ли у нас документ про управление рисками?,3,0.8149,1,5,fb9210b5-8dd4-4acb-9f67-4528cef13ff1,5 Основные положения
52,Есть ли у нас документ про управление рисками?,4,0.8113,1,4,fb9210b5-8dd4-4acb-9f67-4528cef13ff1,"4 Термины, обозначения, сокращения"
52,Есть ли у нас документ про управление рисками?,5,0.8077,1,7,fb9210b5-8dd4-4acb-9f67-4528cef13ff1,7 Реестр рисков
58,Какие задачи у отдела бурения и проектирования строительства скважин?,1,0.7992,1,3,48112403-b37a-4ee9-9458-0e3f2f51d465,3 Задачи
58,Какие задачи у отдела бурения и проектирования строительства скважин?,2,0.7479,1,4,48112403-b37a-4ee9-9458-0e3f2f51d465,4 Функции
58,Какие задачи у отдела бурения и проектирования строительства скважин?,3,0.7317,1,2,48112403-b37a-4ee9-9458-0e3f2f51d465,Отдел имеет право:
58,Какие задачи у отдела бурения и проектирования строительства скважин?,4,0.7277,1,4,48112403-b37a-4ee9-9458-0e3f2f51d465,Приложение 4. Перечень программного обеспечения отдела
58,Какие задачи у отдела бурения и проектирования строительства скважин?,5,0.7223,1,2,48112403-b37a-4ee9-9458-0e3f2f51d465,Отдел несет ответственность за:
58,Какие задачи у отдела бурения и проектирования строительства скважин?,6,0.7222,1,1,48112403-b37a-4ee9-9458-0e3f2f51d465,Приложение 1. Структура отдела
58,Какие задачи у отдела бурения и проектирования строительства скважин?,7,0.7149,1,7,48112403-b37a-4ee9-9458-0e3f2f51d465,7 Список приложений
58,Какие задачи у отдела бурения и проектирования строительства скважин?,8,0.7092,1,3,48112403-b37a-4ee9-9458-0e3f2f51d465,Приложение 3. Перечень регламентированных бизнес-процессов отдела
58,Какие задачи у отдела бурения и проектирования строительства скважин?,9,0.7,1,1,48112403-b37a-4ee9-9458-0e3f2f51d465,1 Общие положения
58,Какие задачи у отдела бурения и проектирования строительства скважин?,10,0.6934,1,2,48112403-b37a-4ee9-9458-0e3f2f51d465,Приложение 2. Перечень внутренней документации ИСМ отдела
59,Чем занимается полевая партия отдела инженерных изысканий?,1,0.8273,1,4,82e7835d-d852-4441-819d-51e10c2ec9f2,4 Функции
59,Чем занимается полевая партия отдела инженерных изысканий?,2,0.7911,1,3,82e7835d-d852-4441-819d-51e10c2ec9f2,3 Задачи
59,Чем занимается полевая партия отдела инженерных изысканий?,3,0.7432,1,6,82e7835d-d852-4441-819d-51e10c2ec9f2,6 Ответственность
59,Чем занимается полевая партия отдела инженерных изысканий?,4,0.7334,1,2,82e7835d-d852-4441-819d-51e10c2ec9f2,2 Структура
59,Чем занимается полевая партия отдела инженерных изысканий?,5,0.7195,1,1,82e7835d-d852-4441-819d-51e10c2ec9f2,Приложение 1 Перечень должностных инструкций полевой партии
59,Чем занимается полевая партия отдела инженерных изысканий?,6,0.7104,1,5,82e7835d-d852-4441-819d-51e10c2ec9f2,5 Права
59,Чем занимается полевая партия отдела инженерных изысканий?,7,0.6934,1,1,82e7835d-d852-4441-819d-51e10c2ec9f2,1 Общие положения
59,Чем занимается полевая партия отдела инженерных изысканий?,8,0.6823,1,2,82e7835d-d852-4441-819d-51e10c2ec9f2,ПОЛОЖЕНИЕ О полевой партии отдела инженерных изысканий «ПЛ-08-ПП»
60,Какие функции у учетно-финансового отдела?,1,0.8259,1,1,500e2f88-2aee-47cd-af1f-374bfb07d0c1,1 Общие положения
60,Какие функции у учетно-финансового отдела?,2,0.8249,1,4,500e2f88-2aee-47cd-af1f-374bfb07d0c1,4 Функции
60,Какие функции у учетно-финансового отдела?,3,0.8217,1,2,500e2f88-2aee-47cd-af1f-374bfb07d0c1,ПОЛОЖЕНИЕ Об учетно-финансовом отделе «ПЛ-13»
60,Какие функции у учетно-финансового отдела?,4,0.8209,1,3,500e2f88-2aee-47cd-af1f-374bfb07d0c1,3 Задачи
60,Какие функции у учетно-финансового отдела?,5,0.8183,1,4,500e2f88-2aee-47cd-af1f-374bfb07d0c1,4 Функции
60,Какие функции у учетно-финансового отдела?,6,0.8111,1,2,500e2f88-2aee-47cd-af1f-374bfb07d0c1,Приложение 2. Перечень внутренней документации ИСМ отдела
60,Какие функции у учетно-финансового отдела?,7,0.79,1,1,500e2f88-2aee-47cd-af1f-374bfb07d0c1,Приложение 1. Структура отдела
60,Какие функции у учетно-финансового отдела?,8,0.7847,1,4,500e2f88-2aee-47cd-af1f-374bfb07d0c1,Приложение 4. График документооборота АО «ВолгоградНИПИнефть»
60,Какие функции у учетно-финансового отдела?,9,0.7738,1,2,500e2f88-2aee-47cd-af1f-374bfb07d0c1,2 Структура
60,Какие функции у учетно-финансового отдела?,10,0.761,1,4,500e2f88-2aee-47cd-af1f-374bfb07d0c1,Приложение 4. График документооборота АО «ВолгоградНИПИнефть»
61,Какие есть стадии выполнения проектных работ?,1,0.8426,1,2,7eed2ce9-09a5-4d61-9c55-a83abdadfba1,Приложение А. Стадии и этапы выполнения работ
61,Какие есть стадии выполнения проектных работ?,2,0.8324,1,5,7eed2ce9-09a5-4d61-9c55-a83abdadfba1,5 Стадии выполнения работ
61,Какие есть стадии выполнения проектных работ?,3,0.8294,1,8,7eed2ce9-09a5-4d61-9c55-a83abdadfba1,8 Стадия оформления работы
61,Какие есть стадии выполнения проектных работ?,4,0.8277,1,10,7eed2ce9-09a5-4d61-9c55-a83abdadfba1,10 Завершающая стадия
61,Какие есть стадии выполнения проектных работ?,5,0.8136,1,2,7eed2ce9-09a5-4d61-9c55-a83abdadfba1,ИНСТРУКЦИЯ Стадии выполнения работ «ИН-01-СВР»
61,Какие есть стадии выполнения проектных работ?,6,0.8105,1,7,7eed2ce9-09a5-4d61-9c55-a83abdadfba1,7 Стадия проектирования
61,Какие есть стадии выполнения проектных работ?,7,0.8105,1,7,7eed2ce9-09a5-4d61-9c55-a83abdadfba1,7 Стадия проектирования
61,Какие есть стадии выполнения проектных работ?,8,0.7899,1,2,7eed2ce9-09a5-4d61-9c55-a83abdadfba1,Приложение Б Шаблон информационного листа проекта.
61,Какие есть стадии выполнения проектных работ?,9,0.7866,1,9,7eed2ce9-09a5-4d61-9c55-a83abdadfba1,"9 Стадия экспертиз, защит и согласований"
61,Какие есть стадии выполнения проектных работ?,10,0.7638,1,6,7eed2ce9-09a5-4d61-9c55-a83abdadfba1,6 Предпроектная проработка
62,Как транспортировать отходы IV класса опасности,1,0.8024,1,8,51f0707f-97b3-49db-a477-bbfb7bc32c51,8 Требования к транспортированию отходов
62,Как транспортировать отходы IV класса опасности,2,0.7565,1,6,51f0707f-97b3-49db-a477-bbfb7bc32c51,6 Порядок накопления отходов
62,Как транспортировать отходы IV класса опасности,3,0.7565,1,6,51f0707f-97b3-49db-a477-bbfb7bc32c51,6 Порядок накопления отходов
62,Как транспортировать отходы IV класса опасности,4,0.7472,1,4,51f0707f-97b3-49db-a477-bbfb7bc32c51,"4 Термины, обозначения, сокращения"
62,Как транспортировать отходы IV класса опасности,5,0.7421,1,7,51f0707f-97b3-49db-a477-bbfb7bc32c51,7 Порядок учета отходов
62,Как транспортировать отходы IV класса опасности,6,0.7414,1,10,51f0707f-97b3-49db-a477-bbfb7bc32c51,10 Безопасное обращение с отходами
62,Как транспортировать отходы IV класса опасности,7,0.7307,1,9,51f0707f-97b3-49db-a477-bbfb7bc32c51,9 Требования к передаче отходов сторонним специализированным организациям
62,Как транспортировать отходы IV класса опасности,8,0.7307,1,11,51f0707f-97b3-49db-a477-bbfb7bc32c51,11 Контроль
62,Как транспортировать отходы IV класса опасности,9,0.7181,1,12,51f0707f-97b3-49db-a477-bbfb7bc32c51,12 Ответственность
62,Как транспортировать отходы IV класса опасности,10,0.6948,1,1,51f0707f-97b3-49db-a477-bbfb7bc32c51,Инструкция о порядке обращения с отходами производства и потребления АО «ВолгоградНИПИнефть» «ИН-01-ПОО»
63,Что входит в процесс управления рисками?,1,0.846,1,5,fb9210b5-8dd4-4acb-9f67-4528cef13ff1,5 Основные положения
63,Что входит в процесс управления рисками?,2,0.8322,1,1,fb9210b5-8dd4-4acb-9f67-4528cef13ff1,Приложение А
63,Что входит в процесс управления рисками?,3,0.8288,1,4,fb9210b5-8dd4-4acb-9f67-4528cef13ff1,"4 Термины, обозначения, сокращения"
63,Что входит в процесс управления рисками?,4,0.805,1,7,fb9210b5-8dd4-4acb-9f67-4528cef13ff1,7 Реестр рисков
63,Что входит в процесс управления рисками?,5,0.8,1,2,fb9210b5-8dd4-4acb-9f67-4528cef13ff1,ИНСТРУКЦИЯ Управление рисками «ИН-01-УР»
63,Что входит в процесс управления рисками?,6,0.7969,1,6,fb9210b5-8dd4-4acb-9f67-4528cef13ff1,6 Идентификация и оценка рисков
63,Что входит в процесс управления рисками?,7,0.7956,1,7,fb9210b5-8dd4-4acb-9f67-4528cef13ff1,7 Реестр рисков
63,Что входит в процесс управления рисками?,8,0.7948,1,1,fb9210b5-8dd4-4acb-9f67-4528cef13ff1,1 Назначение
63,Что входит в процесс управления рисками?,9,0.79,1,6,fb9210b5-8dd4-4acb-9f67-4528cef13ff1,6 Идентификация и оценка рисков
63,Что входит в процесс управления рисками?,10,0.7899,1,2,fb9210b5-8dd4-4acb-9f67-4528cef13ff1,Приложение В
64,Что значит накопление отходов?,1,0.856,1,4,51f0707f-97b3-49db-a477-bbfb7bc32c51,"4 Термины, обозначения, сокращения"
64,Что значит накопление отходов?,2,0.8488,1,6,51f0707f-97b3-49db-a477-bbfb7bc32c51,6 Порядок накопления отходов
64,Что значит накопление отходов?,3,0.8488,1,6,51f0707f-97b3-49db-a477-bbfb7bc32c51,6 Порядок накопления отходов
64,Что значит накопление отходов?,4,0.8183,1,10,51f0707f-97b3-49db-a477-bbfb7bc32c51,10 Безопасное обращение с отходами
64,Что значит накопление отходов?,5,0.8142,1,7,51f0707f-97b3-49db-a477-bbfb7bc32c51,7 Порядок учета отходов
65,Что такое субподрядная работа?,1,0.8064,1,11,efddbd28-7b1c-4285-be6e-4d89a9fcb4b3,"11 Требования, предъявляемые к субподрядным организациям."
65,Что такое субподрядная работа?,2,0.7201,1,2,efddbd28-7b1c-4285-be6e-4d89a9fcb4b3,2 Оборудование
65,Что такое субподрядная работа?,3,0.7063,1,4,efddbd28-7b1c-4285-be6e-4d89a9fcb4b3,4 Персонал
65,Что такое субподрядная работа?,4,0.7054,1,2,efddbd28-7b1c-4285-be6e-4d89a9fcb4b3,"ПОЛОЖЕНИЕ По организации внутреннего контроля качества и приемки топографо-геодезических, картографических и проектно-изыскательских работ «ПЛ-08-ОВКК»"
65,Что такое субподрядная работа?,5,0.7046,1,8,efddbd28-7b1c-4285-be6e-4d89a9fcb4b3,8 Контроль и приемка камеральных работ
66,Что такое верификация поставки?,1,0.8384,1,8,b497403b-04e3-423e-bb5a-670c170f5a33,"8 Верификация поставленной продукции, работ (услуг)"
66,Что такое верификация поставки?,2,0.7605,1,7,b497403b-04e3-423e-bb5a-670c170f5a33,"7 Порядок действий при внешних поставках для осуществления работ по договорам в офисе Института и внешних поставках, связанных с развитием инфраструктуры и материальных ресурсов Института"
66,Что такое верификация поставки?,3,0.7474,1,6,b497403b-04e3-423e-bb5a-670c170f5a33,"6 Оценка, выбор и переоценка поставщиков."
66,Что такое верификация поставки?,4,0.7474,1,5,b497403b-04e3-423e-bb5a-670c170f5a33,5 Основные положения
66,Что такое верификация поставки?,5,0.7338,1,7,b497403b-04e3-423e-bb5a-670c170f5a33,Приложение Г
67,Как оформляется заявление командировку?,1,0.7987,1,2,6d3fc189-3fa6-4183-8d1e-0f02c42b7e28,Приложение В
67,Как оформляется заявление командировку?,2,0.7873,1,2,6d3fc189-3fa6-4183-8d1e-0f02c42b7e28,Приложение Б
67,Как оформляется заявление командировку?,3,0.7728,1,7,6d3fc189-3fa6-4183-8d1e-0f02c42b7e28,Приложение Г
67,Как оформляется заявление командировку?,4,0.7687,1,1,6d3fc189-3fa6-4183-8d1e-0f02c42b7e28,Приложение А
67,Как оформляется заявление командировку?,5,0.7522,1,9,6d3fc189-3fa6-4183-8d1e-0f02c42b7e28,9 Окончание работ. Отчет о командировке
67,Как оформляется заявление командировку?,6,0.7506,1,6,6d3fc189-3fa6-4183-8d1e-0f02c42b7e28,6 Организация командировки
67,Как оформляется заявление командировку?,7,0.746,1,2,6d3fc189-3fa6-4183-8d1e-0f02c42b7e28,ПОЛОЖЕНИЕ О командировках в АО «ВолгоградНИПИнефть» «ПЛ-13-К»
67,Как оформляется заявление командировку?,8,0.7418,1,1,6d3fc189-3fa6-4183-8d1e-0f02c42b7e28,1 Общие положения
67,Как оформляется заявление командировку?,9,0.7405,1,2,6d3fc189-3fa6-4183-8d1e-0f02c42b7e28,2 Нормативные ссылки
67,Как оформляется заявление командировку?,10,0.7404,1,2,6d3fc189-3fa6-4183-8d1e-0f02c42b7e28,СОГЛАСОВАНО:
